{"B1855+09_red_noise_gamma": 2.9422523602042, "B1855+09_red_noise_log10_A": -15.633344178547617, "B1937+21_red_noise_gamma": 3.51864234001046, "B1937+21_red_noise_log10_A": -13.490133760032892, "B1953+29_red_noise_gamma": 2.3448810946276484, "B1953+29_red_noise_log10_A": -12.900559957618611, "J0023+0923_red_noise_gamma": 1.4118699630474243, "J0023+0923_red_noise_log10_A": -13.126156765259754, "J0030+0451_red_noise_gamma": 4.431065501097668, "J0030+0451_red_noise_log10_A": -19.582689607356222, "J0340+4130_red_noise_gamma": 4.3971913379036005, "J0340+4130_red_noise_log10_A": -19.149145001126048, "J0613-0200_red_noise_gamma": 2.1217966998359774, "J0613-0200_red_noise_log10_A": -13.80897796779519, "J0636+5128_red_noise_gamma": 0.0742416851364198, "J0636+5128_red_noise_log10_A": -13.079268484398698, "J0645+5158_red_noise_gamma": 1.4147856797683351, "J0645+5158_red_noise_log10_A": -19.32022407186874, "J0740+6620_red_noise_gamma": 3.549849005478841, "J0740+6620_red_noise_log10_A": -18.48581559087566, "J0931-1902_red_noise_gamma": 2.221098802538749, "J0931-1902_red_noise_log10_A": -13.6589730241931, "J1012+5307_red_noise_gamma": 1.1664699415431568, "J1012+5307_red_noise_log10_A": -12.831776240244656, "J1024-0719_red_noise_gamma": 1.421921833582485, "J1024-0719_red_noise_log10_A": -18.73601298910333, "J1125+7819_red_noise_gamma": 0.9487992832130124, "J1125+7819_red_noise_log10_A": -12.34224935946328, "J1453+1902_red_noise_gamma": 3.6601817803022128, "J1453+1902_red_noise_log10_A": -19.69875373085344, "J1455-3330_red_noise_gamma": 2.517540310138989, "J1455-3330_red_noise_log10_A": -14.65287995215997, "J1600-3053_red_noise_gamma": 0.0645456437474574, "J1600-3053_red_noise_log10_A": -13.26203317593484, "J1614-2230_red_noise_gamma": 6.204732412218172, "J1614-2230_red_noise_log10_A": -19.093206704346287, "J1640+2224_red_noise_gamma": 5.853463836077056, "J1640+2224_red_noise_log10_A": -16.318409529070497, "J1643-1224_red_noise_gamma": 0.8688762777924597, "J1643-1224_red_noise_log10_A": -12.202196946744428, "J1713+0747_red_noise_gamma": 1.5441642311995936, "J1713+0747_red_noise_log10_A": -13.930430139794572, "J1738+0333_red_noise_gamma": 2.093505802372285, "J1738+0333_red_noise_log10_A": -19.302920007050258, "J1741+1351_red_noise_gamma": 4.348422276299985, "J1741+1351_red_noise_log10_A": -18.404864014417623, "J1744-1134_red_noise_gamma": 2.843586364593318, "J1744-1134_red_noise_log10_A": -16.553492537059753, "J1747-4036_red_noise_gamma": 3.279451237795057, "J1747-4036_red_noise_log10_A": -12.655259643013103, "J1832-0836_red_noise_gamma": 3.534101962137643, "J1832-0836_red_noise_log10_A": -16.265277662804507, "J1853+1303_red_noise_gamma": 1.2444730962141, "J1853+1303_red_noise_log10_A": -13.18733211344149, "J1903+0327_red_noise_gamma": 1.4574670490435713, "J1903+0327_red_noise_log10_A": -12.015341294369668, "J1909-3744_red_noise_gamma": 1.651797794697172, "J1909-3744_red_noise_log10_A": -14.318813165637158, "J1910+1256_red_noise_gamma": 3.5704279164128074, "J1910+1256_red_noise_log10_A": -16.39296141155744, "J1911+1347_red_noise_gamma": 1.9140420377450795, "J1911+1347_red_noise_log10_A": -19.031518405699607, "J1918-0642_red_noise_gamma": 0.7162291316118528, "J1918-0642_red_noise_log10_A": -14.24806223464648, "J1923+2515_red_noise_gamma": 0.6202635071349345, "J1923+2515_red_noise_log10_A": -13.855700919408836, "J1944+0907_red_noise_gamma": 1.3887995330664733, "J1944+0907_red_noise_log10_A": -14.824129505803294, "J2010-1323_red_noise_gamma": 5.123816277936148, "J2010-1323_red_noise_log10_A": -18.140356733080804, "J2017+0603_red_noise_gamma": 1.089765695273725, "J2017+0603_red_noise_log10_A": -18.51214903776986, "J2033+1734_red_noise_gamma": 4.987258622614831, "J2033+1734_red_noise_log10_A": -17.831379228947778, "J2043+1711_red_noise_gamma": 3.974169691610348, "J2043+1711_red_noise_log10_A": -15.84220050445647, "J2145-0750_red_noise_gamma": 2.0330701274510643, "J2145-0750_red_noise_log10_A": -13.119270923851571, "J2214+3000_red_noise_gamma": 3.4899846441771394, "J2214+3000_red_noise_log10_A": -19.29228237545544, "J2229+2643_red_noise_gamma": 1.1023650355248935, "J2229+2643_red_noise_log10_A": -19.88455832953501, "J2234+0611_red_noise_gamma": 4.14755607753792, "J2234+0611_red_noise_log10_A": -14.211285745917609, "J2234+0944_red_noise_gamma": 0.3788378271261523, "J2234+0944_red_noise_log10_A": -16.255443073698103, "J2302+4442_red_noise_gamma": 2.1997306923717788, "J2302+4442_red_noise_log10_A": -17.21135259495153, "J2317+1439_red_noise_gamma": 0.9094252031399556, "J2317+1439_red_noise_log10_A": -14.58463742490395, "gw_log10_A": -15.344931043381395}