{"B1855+09_red_noise_gamma": 2.3603842176973093, "B1855+09_red_noise_log10_A": -13.92440249002541, "B1937+21_red_noise_gamma": 3.577449387036098, "B1937+21_red_noise_log10_A": -13.379659259483695, "B1953+29_red_noise_gamma": 2.2545604804230712, "B1953+29_red_noise_log10_A": -12.842047451989016, "J0023+0923_red_noise_gamma": 0.6347567522560124, "J0023+0923_red_noise_log10_A": -13.00439808886116, "J0030+0451_red_noise_gamma": 1.928883356950157, "J0030+0451_red_noise_log10_A": -18.689008316779077, "J0340+4130_red_noise_gamma": 4.885841324576365, "J0340+4130_red_noise_log10_A": -16.82771562315053, "J0613-0200_red_noise_gamma": 2.9428861168358256, "J0613-0200_red_noise_log10_A": -13.91147025516855, "J0636+5128_red_noise_gamma": 1.0796794346358525, "J0636+5128_red_noise_log10_A": -13.221947382571836, "J0645+5158_red_noise_gamma": 1.9848113362370885, "J0645+5158_red_noise_log10_A": -19.21688974832489, "J0740+6620_red_noise_gamma": 0.2695786684183894, "J0740+6620_red_noise_log10_A": -16.500810420272156, "J0931-1902_red_noise_gamma": 1.8147185836961528, "J0931-1902_red_noise_log10_A": -14.637143461245536, "J1012+5307_red_noise_gamma": 1.2948703421446914, "J1012+5307_red_noise_log10_A": -12.852289460076395, "J1024-0719_red_noise_gamma": 6.96749611484253, "J1024-0719_red_noise_log10_A": -19.59909509115987, "J1125+7819_red_noise_gamma": 0.0409292443398271, "J1125+7819_red_noise_log10_A": -12.334600632309376, "J1453+1902_red_noise_gamma": 5.699364998597112, "J1453+1902_red_noise_log10_A": -19.477194337946223, "J1455-3330_red_noise_gamma": 1.7470917053144095, "J1455-3330_red_noise_log10_A": -15.052570729943364, "J1600-3053_red_noise_gamma": 0.2115025157811651, "J1600-3053_red_noise_log10_A": -13.230810757809468, "J1614-2230_red_noise_gamma": 2.7132521717340525, "J1614-2230_red_noise_log10_A": -18.33366198910293, "J1640+2224_red_noise_gamma": 3.1812112760607314, "J1640+2224_red_noise_log10_A": -16.44816185974131, "J1643-1224_red_noise_gamma": 1.3452937617715552, "J1643-1224_red_noise_log10_A": -12.286899803164982, "J1713+0747_red_noise_gamma": 1.1465561123367516, "J1713+0747_red_noise_log10_A": -14.014614376366389, "J1738+0333_red_noise_gamma": 3.5057782398528285, "J1738+0333_red_noise_log10_A": -18.72574530713264, "J1741+1351_red_noise_gamma": 3.2218881551447547, "J1741+1351_red_noise_log10_A": -19.40802817380471, "J1744-1134_red_noise_gamma": 2.292503148831821, "J1744-1134_red_noise_log10_A": -17.173346716183907, "J1747-4036_red_noise_gamma": 6.443959332805508, "J1747-4036_red_noise_log10_A": -13.492799879048093, "J1832-0836_red_noise_gamma": 4.022577778268829, "J1832-0836_red_noise_log10_A": -17.215152632676123, "J1853+1303_red_noise_gamma": 1.3417760533303276, "J1853+1303_red_noise_log10_A": -13.32950094372551, "J1903+0327_red_noise_gamma": 0.6021566398948516, "J1903+0327_red_noise_log10_A": -12.084535682608273, "J1909-3744_red_noise_gamma": 6.094640972817235, "J1909-3744_red_noise_log10_A": -18.652734965242736, "J1910+1256_red_noise_gamma": 2.242379827470149, "J1910+1256_red_noise_log10_A": -18.827499281970184, "J1911+1347_red_noise_gamma": 1.2707600101656815, "J1911+1347_red_noise_log10_A": -18.8721842465537, "J1918-0642_red_noise_gamma": 2.052125339466196, "J1918-0642_red_noise_log10_A": -18.103131811988646, "J1923+2515_red_noise_gamma": 3.634155285057002, "J1923+2515_red_noise_log10_A": -14.718887323277904, "J1944+0907_red_noise_gamma": 6.810159335829669, "J1944+0907_red_noise_log10_A": -18.12925280745061, "J2010-1323_red_noise_gamma": 3.778046507463056, "J2010-1323_red_noise_log10_A": -16.25261988567973, "J2017+0603_red_noise_gamma": 0.1944679620742933, "J2017+0603_red_noise_log10_A": -14.679631093948045, "J2033+1734_red_noise_gamma": 3.795801549876227, "J2033+1734_red_noise_log10_A": -16.905079039920334, "J2043+1711_red_noise_gamma": 4.130874499554681, "J2043+1711_red_noise_log10_A": -19.98278488927407, "J2145-0750_red_noise_gamma": 1.5603112523523317, "J2145-0750_red_noise_log10_A": -13.043740496626851, "J2214+3000_red_noise_gamma": 3.729967166668836, "J2214+3000_red_noise_log10_A": -13.888333258798497, "J2229+2643_red_noise_gamma": 4.432810084028314, "J2229+2643_red_noise_log10_A": -14.991950950651844, "J2234+0611_red_noise_gamma": 4.833284218647741, "J2234+0611_red_noise_log10_A": -14.32055808367295, "J2234+0944_red_noise_gamma": 2.29848580924744, "J2234+0944_red_noise_log10_A": -14.42875417876809, "J2302+4442_red_noise_gamma": 0.8245663223761392, "J2302+4442_red_noise_log10_A": -13.36962782413988, "J2317+1439_red_noise_gamma": 0.599212886632211, "J2317+1439_red_noise_log10_A": -14.96469738630717, "gw_log10_A": -15.033939944306692}