{"B1855+09_red_noise_gamma": 1.1923399277417264, "B1855+09_red_noise_log10_A": -14.384308254777483, "B1937+21_red_noise_gamma": 3.5213631520467863, "B1937+21_red_noise_log10_A": -13.40984074720964, "B1953+29_red_noise_gamma": 3.1808247670306864, "B1953+29_red_noise_log10_A": -13.040459410812655, "J0023+0923_red_noise_gamma": 0.9394400628449352, "J0023+0923_red_noise_log10_A": -13.062915218073911, "J0030+0451_red_noise_gamma": 1.171983307615431, "J0030+0451_red_noise_log10_A": -14.143057376963212, "J0340+4130_red_noise_gamma": 5.2302359530163205, "J0340+4130_red_noise_log10_A": -18.35590071630939, "J0613-0200_red_noise_gamma": 3.757906887868929, "J0613-0200_red_noise_log10_A": -13.9631531942447, "J0636+5128_red_noise_gamma": 0.3889922204935813, "J0636+5128_red_noise_log10_A": -13.19831851574638, "J0645+5158_red_noise_gamma": 0.8230949893571782, "J0645+5158_red_noise_log10_A": -15.352069807601028, "J0740+6620_red_noise_gamma": 5.237076092582493, "J0740+6620_red_noise_log10_A": -18.47543466514517, "J0931-1902_red_noise_gamma": 0.7866151235913597, "J0931-1902_red_noise_log10_A": -15.961291177432605, "J1012+5307_red_noise_gamma": 0.7872469466553536, "J1012+5307_red_noise_log10_A": -12.745670789161457, "J1024-0719_red_noise_gamma": 0.0050022787441734, "J1024-0719_red_noise_log10_A": -19.521524734662748, "J1125+7819_red_noise_gamma": 0.4534478872681512, "J1125+7819_red_noise_log10_A": -12.30344107932221, "J1453+1902_red_noise_gamma": 1.0769267796127808, "J1453+1902_red_noise_log10_A": -14.288267208854462, "J1455-3330_red_noise_gamma": 4.68510797037259, "J1455-3330_red_noise_log10_A": -17.38665820499681, "J1600-3053_red_noise_gamma": 0.041224612866826, "J1600-3053_red_noise_log10_A": -13.418463960171495, "J1614-2230_red_noise_gamma": 5.951762791951012, "J1614-2230_red_noise_log10_A": -19.014675464518263, "J1640+2224_red_noise_gamma": 6.633495151740234, "J1640+2224_red_noise_log10_A": -16.340998397821426, "J1643-1224_red_noise_gamma": 1.5037486100414623, "J1643-1224_red_noise_log10_A": -12.246140095363105, "J1713+0747_red_noise_gamma": 1.5045648171128134, "J1713+0747_red_noise_log10_A": -13.972465402228863, "J1738+0333_red_noise_gamma": 1.832216318894156, "J1738+0333_red_noise_log10_A": -14.204682235927043, "J1741+1351_red_noise_gamma": 3.68967263589902, "J1741+1351_red_noise_log10_A": -19.98341001308299, "J1744-1134_red_noise_gamma": 3.2181148621005424, "J1744-1134_red_noise_log10_A": -14.365514267238384, "J1747-4036_red_noise_gamma": 3.9626686759644554, "J1747-4036_red_noise_log10_A": -12.97613840037253, "J1832-0836_red_noise_gamma": 4.7223061962007655, "J1832-0836_red_noise_log10_A": -15.252036590516171, "J1853+1303_red_noise_gamma": 1.1497325032698114, "J1853+1303_red_noise_log10_A": -13.172013469296148, "J1903+0327_red_noise_gamma": 1.204749102925586, "J1903+0327_red_noise_log10_A": -12.138170445800055, "J1909-3744_red_noise_gamma": 6.382603096399993, "J1909-3744_red_noise_log10_A": -16.407220133887826, "J1910+1256_red_noise_gamma": 2.3450375168020834, "J1910+1256_red_noise_log10_A": -19.757761802839703, "J1911+1347_red_noise_gamma": 1.8703506103900327, "J1911+1347_red_noise_log10_A": -17.889865057858277, "J1918-0642_red_noise_gamma": 6.076367815898675, "J1918-0642_red_noise_log10_A": -15.645027239830643, "J1923+2515_red_noise_gamma": 3.855920143277196, "J1923+2515_red_noise_log10_A": -14.505528261726484, "J1944+0907_red_noise_gamma": 2.5371306558459623, "J1944+0907_red_noise_log10_A": -14.060990326321292, "J2010-1323_red_noise_gamma": 3.3903548936525354, "J2010-1323_red_noise_log10_A": -16.1082374735135, "J2017+0603_red_noise_gamma": 6.372595414752848, "J2017+0603_red_noise_log10_A": -18.316779428264333, "J2033+1734_red_noise_gamma": 2.531741740442059, "J2033+1734_red_noise_log10_A": -15.792331576164669, "J2043+1711_red_noise_gamma": 4.5761266734806885, "J2043+1711_red_noise_log10_A": -15.990290278514651, "J2145-0750_red_noise_gamma": 1.8669493106676385, "J2145-0750_red_noise_log10_A": -12.932505868437277, "J2214+3000_red_noise_gamma": 4.637945798983312, "J2214+3000_red_noise_log10_A": -18.810011140372374, "J2229+2643_red_noise_gamma": 1.742065024647883, "J2229+2643_red_noise_log10_A": -13.83057910414344, "J2234+0611_red_noise_gamma": 4.15942806909891, "J2234+0611_red_noise_log10_A": -14.272894348643169, "J2234+0944_red_noise_gamma": 5.820360716401755, "J2234+0944_red_noise_log10_A": -19.996334101768948, "J2302+4442_red_noise_gamma": 2.650757569797715, "J2302+4442_red_noise_log10_A": -18.663155399170943, "J2317+1439_red_noise_gamma": 6.5344267227147785, "J2317+1439_red_noise_log10_A": -17.684026158793667, "gw_log10_A": -17.999959167012083}